City_ID,City,Country,Date,Lat,Lng,Max Temp,Humidity,Cloudiness,Wind Speed
0,Butaritari,KI,2021-12-04 00:41:55,3.0707,172.7902,82.13,75,93,11.48
1,Cape Town,ZA,2021-12-04 00:36:59,-33.9258,18.4232,64.11,67,0,4.0
2,Iquique,CL,2021-12-04 00:41:56,-20.2208,-70.1431,66.24,73,7,1.86
3,Esperance,AU,2021-12-04 00:41:56,-33.8667,121.9,64.24,52,0,12.01
4,Punta Arenas,CL,2021-12-04 00:37:03,-53.15,-70.9167,53.71,54,75,19.57
5,Maldonado,UY,2021-12-04 00:37:26,-34.6667,-54.9167,66.22,91,55,7.31
6,Longyearbyen,SJ,2021-12-04 00:41:22,78.2186,15.6401,35.44,60,40,18.41
7,Avarua,CK,2021-12-04 00:41:57,-21.2078,-159.775,73.45,94,75,14.97
8,Rikitea,PF,2021-12-04 00:41:57,-23.1203,-134.9692,76.93,72,7,14.85
9,Grand Gaube,MU,2021-12-04 00:41:58,-20.0064,57.6608,77.38,76,23,3.0
10,Ushuaia,AR,2021-12-04 00:41:58,-54.8,-68.3,55.06,44,40,18.41
11,Albany,US,2021-12-04 00:38:14,42.6001,-73.9662,31.62,61,1,1.01
12,Cedar City,US,2021-12-04 00:41:58,37.6775,-113.0619,50.97,37,1,3.44
13,Saint-Philippe,RE,2021-12-04 00:41:59,-21.3585,55.7679,74.75,86,36,8.95
14,Cayenne,GF,2021-12-04 00:41:59,4.9333,-52.3333,76.08,91,72,7.0
15,Khatanga,RU,2021-12-04 00:42:00,71.9667,102.5,-19.26,97,100,15.21
16,Baruun-Urt,MN,2021-12-04 00:42:00,46.6806,113.2792,22.75,56,2,11.01
17,Bhavani,IN,2021-12-04 00:42:00,11.45,77.6833,72.37,96,97,1.97
18,Gold Coast,AU,2021-12-04 00:42:01,-28.0,153.4333,88.16,62,0,8.05
19,Airai,TL,2021-12-04 00:42:01,-8.9266,125.4092,65.44,83,100,1.19
20,Tiarei,PF,2021-12-04 00:42:01,-17.5333,-149.3333,86.02,76,76,16.6
21,Touros,BR,2021-12-04 00:42:02,-5.1989,-35.4608,83.3,79,97,12.55
22,Tonj,SS,2021-12-04 00:42:02,7.2737,28.6822,77.79,38,12,4.45
23,Barrow,US,2021-12-04 00:42:03,71.2906,-156.7887,-12.98,70,1,18.41
24,Vanimo,PG,2021-12-04 00:42:03,-2.6741,141.3028,84.78,73,100,4.56
25,Hilo,US,2021-12-04 00:38:23,19.7297,-155.09,80.8,71,75,10.36
26,Ilulissat,GL,2021-12-04 00:42:04,69.2167,-51.1,14.02,62,41,33.38
27,Mataura,NZ,2021-12-04 00:42:04,-46.1927,168.8643,62.82,93,100,2.55
28,Gisborne,NZ,2021-12-04 00:37:50,-38.6533,178.0042,74.95,64,100,14.63
29,Upernavik,GL,2021-12-04 00:42:05,72.7868,-56.1549,10.62,72,85,9.26
30,Port Hardy,CA,2021-12-04 00:42:05,50.6996,-127.4199,39.76,93,90,2.3
31,Tucumcari,US,2021-12-04 00:42:05,35.1717,-103.725,57.04,33,1,9.22
32,Severo-Kurilsk,RU,2021-12-04 00:38:58,50.6789,156.125,38.23,98,100,17.05
33,Yellowknife,CA,2021-12-04 00:42:06,62.456,-114.3525,-12.59,95,90,11.5
34,Vestmannaeyjar,IS,2021-12-04 00:42:06,63.4427,-20.2734,34.45,79,89,11.1
35,Naze,JP,2021-12-04 00:42:07,28.3667,129.4833,59.92,52,33,19.91
36,The Valley,AI,2021-12-04 00:42:07,18.217,-63.0578,81.1,75,33,14.83
37,Jalu,LY,2021-12-04 00:42:07,29.0331,21.5482,62.65,29,100,14.34
38,Faanui,PF,2021-12-04 00:42:08,-16.4833,-151.75,81.72,69,70,18.86
39,Bredasdorp,ZA,2021-12-04 00:42:08,-34.5322,20.0403,59.29,74,100,6.64
40,Spencer,US,2021-12-04 00:42:09,43.1414,-95.1444,39.83,82,90,14.97
41,Vaini,TO,2021-12-04 00:42:09,-21.2,-175.2,84.36,84,40,14.97
42,Busselton,AU,2021-12-04 00:42:09,-33.65,115.3333,70.81,46,6,10.96
43,Hithadhoo,MV,2021-12-04 00:42:10,-0.6,73.0833,81.48,77,13,10.13
44,Pombia,IT,2021-12-04 00:42:10,45.653,8.6336,40.14,65,0,6.91
45,Thompson,CA,2021-12-04 00:40:54,55.7435,-97.8558,-7.44,77,40,6.91
46,Cockburn Town,TC,2021-12-04 00:42:11,21.4612,-71.1419,79.59,76,6,15.7
47,Bosaso,SO,2021-12-04 00:43:11,11.2842,49.1816,72.34,70,0,1.95
48,Clyde River,CA,2021-12-04 00:43:11,70.4692,-68.5914,-10.23,94,45,5.55
49,Chapais,CA,2021-12-04 00:43:12,49.7834,-74.8492,4.78,94,100,9.98
50,Victoria,HK,2021-12-04 00:39:25,22.2855,114.1577,65.25,36,9,1.01
51,Inhambane,MZ,2021-12-04 00:43:12,-23.865,35.3833,75.52,96,46,6.17
52,Little Current,CA,2021-12-04 00:43:13,45.9793,-81.9248,26.69,60,91,7.63
53,Kitzingen,DE,2021-12-04 00:43:13,49.7333,10.1667,36.21,83,100,4.88
54,Kutum,SD,2021-12-04 00:43:14,14.2,24.6667,62.58,30,0,4.34
55,Yumen,CN,2021-12-04 00:43:14,40.2833,97.2,27.12,32,0,12.88
56,Sao Joao Da Barra,BR,2021-12-04 00:43:14,-21.6403,-41.0511,70.79,83,5,4.25
57,Baykalsk,RU,2021-12-04 00:43:15,51.5058,104.1469,30.45,58,85,5.57
58,Cidreira,BR,2021-12-04 00:43:15,-30.1811,-50.2056,68.74,80,54,19.33
59,Comodoro Rivadavia,AR,2021-12-04 00:43:15,-45.8667,-67.5,64.26,42,0,3.44
60,Bluff,NZ,2021-12-04 00:43:16,-46.6,168.3333,58.35,98,100,8.88
61,Tasiilaq,GL,2021-12-04 00:43:16,65.6145,-37.6368,26.76,58,0,8.14
62,Puerto Ayora,EC,2021-12-04 00:43:17,-0.7393,-90.3518,67.78,90,78,6.78
63,Qaqortoq,GL,2021-12-04 00:43:17,60.7167,-46.0333,18.1,62,100,11.23
64,Souillac,MU,2021-12-04 00:43:17,-20.5167,57.5167,77.36,88,20,5.75
65,Oistins,BB,2021-12-04 00:43:18,13.0667,-59.5333,80.69,78,40,13.8
66,Chokurdakh,RU,2021-12-04 00:43:18,70.6333,147.9167,-26.27,96,100,10.78
67,Tual,ID,2021-12-04 00:43:19,-5.6667,132.75,83.68,74,24,5.12
68,Thunder Bay,CA,2021-12-04 00:43:19,48.4001,-89.3168,27.0,100,40,2.3
69,Kapaa,US,2021-12-04 00:43:19,22.0752,-159.319,78.78,65,1,5.99
70,Sistranda,NO,2021-12-04 00:43:20,63.7256,8.834,25.9,63,100,12.06
71,Bethel,US,2021-12-04 00:43:20,41.3712,-73.414,39.49,58,1,1.01
72,Paola,IT,2021-12-04 00:43:20,39.3599,16.0396,51.01,78,100,11.59
73,Manturovo,RU,2021-12-04 00:43:21,58.3353,44.7619,32.11,98,100,8.48
74,La Ronge,CA,2021-12-04 00:43:21,55.1001,-105.2842,8.85,72,90,8.05
75,Port Elizabeth,ZA,2021-12-04 00:43:21,-33.918,25.5701,59.29,88,0,3.44
76,Mitsamiouli,KM,2021-12-04 00:43:22,-11.3847,43.2844,80.26,74,32,12.01
77,San Policarpo,PH,2021-12-04 00:43:22,12.1791,125.5072,79.29,74,100,16.53
78,Hirara,JP,2021-12-04 00:43:23,24.8,125.2833,67.86,55,75,12.66
79,Manggar,ID,2021-12-04 00:43:23,-2.8833,108.2667,80.98,83,100,11.07
80,Nantucket,US,2021-12-04 00:38:54,41.2835,-70.0995,41.11,50,1,13.8
81,Geraldton,AU,2021-12-04 00:43:23,-28.7667,114.6,88.21,25,0,18.41
82,Mahdasht,IR,2021-12-04 00:43:24,35.7299,50.8111,39.42,74,0,9.22
83,Ribeira Grande,PT,2021-12-04 00:43:24,38.5167,-28.7,65.39,81,100,11.77
84,Korla,CN,2021-12-04 00:39:12,41.7597,86.1469,24.49,56,96,2.04
85,Shelburne,CA,2021-12-04 00:43:25,44.0787,-80.2041,29.75,82,89,5.88
86,Guerrero Negro,MX,2021-12-04 00:43:25,27.9769,-114.0611,63.7,78,83,13.69
87,Moses Lake,US,2021-12-04 00:43:25,47.1301,-119.2781,41.68,56,90,9.22
88,Acarau,BR,2021-12-04 00:43:26,-2.8856,-40.12,80.58,81,76,14.32
89,Batagay-Alyta,RU,2021-12-04 00:43:26,67.8006,130.4114,-42.47,93,15,2.57
90,Port Alfred,ZA,2021-12-04 00:43:26,-33.5906,26.891,64.36,79,100,5.79
91,Bengkulu,ID,2021-12-04 00:43:27,-3.8004,102.2655,79.65,79,100,3.09
92,Waingapu,ID,2021-12-04 00:44:27,-9.6567,120.2641,83.46,74,100,3.06
93,Mayo,US,2021-12-04 00:43:08,38.8876,-76.5119,52.56,62,90,3.44
94,Carutapera,BR,2021-12-04 00:44:28,-1.195,-46.02,76.26,92,100,4.07
95,Lodwar,KE,2021-12-04 00:44:28,3.1191,35.5973,80.28,53,62,9.57
96,Westport,US,2021-12-04 00:44:28,41.1415,-73.3579,42.76,57,1,1.01
97,Hermanus,ZA,2021-12-04 00:44:29,-34.4187,19.2345,59.9,75,82,11.97
98,Sandpoint,US,2021-12-04 00:44:29,48.2766,-116.5533,36.68,78,90,1.99
99,Hasanabad,IR,2021-12-04 00:44:29,36.5465,61.0543,41.67,88,100,8.81
100,Saldanha,ZA,2021-12-04 00:44:30,-33.0117,17.9442,60.85,79,86,14.88
101,Grand-Santi,GF,2021-12-04 00:44:30,4.25,-54.3833,72.19,99,73,2.04
102,New Norfolk,AU,2021-12-04 00:44:31,-42.7826,147.0587,56.66,44,76,3.0
103,Tessalit,ML,2021-12-04 00:44:31,20.1986,1.0114,66.7,18,44,9.62
104,Jumla,NP,2021-12-04 00:44:31,29.2747,82.1838,36.9,80,7,6.91
105,Laguna,US,2021-12-04 00:44:32,38.421,-121.4238,62.42,92,1,5.75
106,Coihaique,CL,2021-12-04 00:44:32,-45.5752,-72.0662,58.95,41,0,4.61
107,Santa Maria Da Vitoria,BR,2021-12-04 00:44:32,-13.3947,-44.1886,70.74,94,82,2.33
108,Carnarvon,AU,2021-12-04 00:44:33,-24.8667,113.6333,75.27,78,0,11.5
109,Atuona,PF,2021-12-04 00:44:33,-9.8,-139.0333,78.87,71,1,16.24
110,Chicama,PE,2021-12-04 00:44:34,-7.8447,-79.1469,63.14,80,95,6.76
111,Hobart,AU,2021-12-04 00:44:11,-42.8794,147.3294,57.02,61,75,1.01
112,Udachnyy,RU,2021-12-04 00:44:34,66.4167,112.4,-5.22,98,100,10.69
113,Jamestown,US,2021-12-04 00:44:01,42.097,-79.2353,35.24,81,90,10.0
114,Kysyl-Syr,RU,2021-12-04 00:44:35,63.8986,122.7617,-19.03,93,100,15.14
115,East London,ZA,2021-12-04 00:44:35,-33.0153,27.9116,64.56,78,96,8.1
116,Druzhba,UA,2021-12-04 00:44:36,52.0428,33.9453,26.06,93,6,10.83
117,Qaanaaq,GL,2021-12-04 00:44:36,77.484,-69.3632,7.99,92,100,3.24
118,Presidencia Roque Saenz Pena,AR,2021-12-04 00:44:36,-26.7852,-60.4388,72.23,63,7,6.06
119,Ouadda,CF,2021-12-04 00:44:37,8.0777,22.4007,71.85,41,21,4.38
120,Husavik,IS,2021-12-04 00:44:37,66.0449,-17.3389,12.11,81,20,14.7
121,Torrington,US,2021-12-04 00:41:13,41.8007,-73.1212,36.14,66,0,6.24
122,Upington,ZA,2021-12-04 00:44:37,-28.4478,21.2561,68.38,88,75,8.05
123,Salekhard,RU,2021-12-04 00:44:38,66.53,66.6019,-6.32,97,100,6.35
124,Diu,IN,2021-12-04 00:44:38,20.7141,70.9822,70.38,64,61,8.72
125,Flinders,AU,2021-12-04 00:44:38,-34.5833,150.8552,68.18,81,97,9.35
126,Kisaran,ID,2021-12-04 00:44:39,2.9845,99.6158,76.08,90,100,6.24
127,Castro,BR,2021-12-04 00:44:39,-24.7911,-50.0119,59.85,94,65,10.38
128,Pangnirtung,CA,2021-12-04 00:44:40,66.1451,-65.7125,12.02,73,100,7.4
129,Sao Bernardo,BR,2021-12-04 00:44:40,-3.3614,-42.4178,77.63,88,98,6.11
130,Dunedin,NZ,2021-12-04 00:40:40,-45.8742,170.5036,63.45,83,100,5.99
131,Merauke,ID,2021-12-04 00:42:48,-8.4667,140.3333,86.13,67,100,6.89
132,Porto Novo,BJ,2021-12-04 00:44:41,6.4965,2.6036,84.02,84,100,5.44
133,Hovd,MN,2021-12-04 00:44:41,48.0056,91.6419,20.64,48,81,2.91
134,Hasaki,JP,2021-12-04 00:44:41,35.7333,140.8333,54.0,54,0,5.46
135,Bambous Virieux,MU,2021-12-04 00:44:42,-20.3428,57.7575,77.22,88,20,5.75
136,Abnub,EG,2021-12-04 00:44:42,27.2696,31.1511,55.62,52,5,0.92
137,Saint Anthony,US,2021-12-04 00:44:43,45.0205,-93.218,38.53,85,40,1.99
138,Aklavik,CA,2021-12-04 00:44:43,68.2191,-135.0107,-22.97,75,1,3.44
139,Sao Miguel Do Araguaia,BR,2021-12-04 00:44:43,-13.275,-50.1628,75.29,89,100,1.5
140,Sioux Lookout,CA,2021-12-04 00:42:16,50.1001,-91.917,26.98,93,90,9.22
141,Kavieng,PG,2021-12-04 00:45:44,-2.5744,150.7967,84.6,70,99,6.26
142,Bidor,MY,2021-12-04 00:45:44,4.1139,101.2884,75.18,82,98,1.16
143,Spassk-Dalniy,RU,2021-12-04 00:45:45,44.5978,132.8211,7.2,80,68,7.63
144,Kang,BW,2021-12-04 00:45:45,-23.6752,22.7876,68.54,76,97,12.1
145,Itapetinga,BR,2021-12-04 00:45:46,-15.2489,-40.2478,70.34,97,92,3.13
146,Bamut,RU,2021-12-04 00:45:46,43.1599,45.1973,22.51,52,11,3.24
147,San Cristobal,VE,2021-12-04 00:45:47,7.7669,-72.225,73.58,89,77,1.57
148,Sweetwater,US,2021-12-04 00:45:47,25.7634,-80.3731,75.22,68,40,3.44
149,Pangai,TO,2021-12-04 00:45:47,-19.8,-174.35,82.51,74,20,14.97
150,Vuktyl,RU,2021-12-04 00:45:48,63.8567,57.3094,0.12,95,96,5.66
151,Mar Del Plata,AR,2021-12-04 00:43:27,-38.0023,-57.5575,60.1,87,90,1.99
152,Salalah,OM,2021-12-04 00:45:48,17.0151,54.0924,71.69,49,0,3.44
153,Abha,SA,2021-12-04 00:45:49,18.2164,42.5053,49.82,29,0,4.61
154,Pahrump,US,2021-12-04 00:45:49,36.2083,-115.9839,68.05,23,0,0.2
155,Georgetown,MY,2021-12-04 00:44:17,5.4112,100.3354,79.9,86,20,5.99
156,Ranong,TH,2021-12-04 00:45:50,9.9658,98.6348,78.73,74,79,8.81
157,Ancud,CL,2021-12-04 00:45:50,-41.8697,-73.8203,56.73,85,0,2.82
158,Fortuna,US,2021-12-04 00:41:34,40.5982,-124.1573,56.43,75,90,0.0
159,Broken Hill,AU,2021-12-04 00:45:51,-31.95,141.4333,65.91,45,99,18.41
160,San Quintin,MX,2021-12-04 00:45:51,30.4833,-115.95,59.36,85,22,11.07
161,Kuusankoski,FI,2021-12-04 00:45:52,60.907,26.6244,21.72,97,90,3.0
162,Kaitangata,NZ,2021-12-04 00:45:52,-46.2817,169.8464,58.77,98,100,4.59
163,Nuqui,CO,2021-12-04 00:45:52,5.7125,-77.2708,75.9,92,100,5.32
164,Hengshui,CN,2021-12-04 00:45:53,37.7322,115.7011,42.15,45,0,2.77
165,Ayan,RU,2021-12-04 00:45:53,56.45,138.1667,-4.34,85,14,11.03
166,Hay River,CA,2021-12-04 00:42:55,60.8156,-115.7999,-7.62,71,90,16.11
167,Camacha,PT,2021-12-04 00:45:54,33.0833,-16.3333,61.56,67,75,12.66
168,Zuenoula,CI,2021-12-04 00:45:54,7.4292,-6.0431,74.25,72,99,3.8
169,Cabo San Lucas,MX,2021-12-04 00:45:54,22.8909,-109.9124,81.52,72,100,6.13
170,Tuktoyaktuk,CA,2021-12-04 00:45:55,69.4541,-133.0374,-22.0,69,20,9.22
171,Omagh,GB,2021-12-04 00:45:55,54.6,-7.3,40.28,76,100,14.07
172,Khandbari,NP,2021-12-04 00:45:55,27.3747,87.2039,57.31,80,78,1.34
173,Tiksi,RU,2021-12-04 00:45:56,71.6872,128.8694,-31.86,99,39,5.93
174,Smolenka,RU,2021-12-04 00:45:56,52.1352,113.4974,14.07,73,59,2.24
175,Pevek,RU,2021-12-04 00:45:57,69.7008,170.3133,-6.38,94,100,15.79
176,Kibaya,TZ,2021-12-04 00:45:57,-5.3,36.5667,58.82,90,80,5.12
177,Ormond Beach,US,2021-12-04 00:45:00,29.2858,-81.0559,65.12,73,1,0.0
178,Bodden Town,KY,2021-12-04 00:45:58,19.2833,-81.25,80.6,83,20,1.99
179,Sinnamary,GF,2021-12-04 00:45:58,5.3833,-52.95,77.58,89,56,9.15
180,Chuy,UY,2021-12-04 00:46:58,-33.6971,-53.4616,61.68,83,99,7.43
181,Impfondo,CG,2021-12-04 00:46:59,1.6381,18.0667,70.79,96,98,1.54
182,Beringovskiy,RU,2021-12-04 00:46:59,63.05,179.3167,16.52,70,23,15.61
183,Mae Sot,TH,2021-12-04 00:47:00,16.7167,98.5667,60.75,100,20,0.0
184,Nikolskoye,RU,2021-12-04 00:47:00,59.7035,30.7861,24.03,95,100,5.97
185,Satipo,PE,2021-12-04 00:47:00,-11.2522,-74.6386,70.92,94,100,2.48
186,Mount Isa,AU,2021-12-04 00:47:01,-20.7333,139.5,96.57,24,96,14.97
187,Alyangula,AU,2021-12-04 00:47:01,-13.8483,136.4192,89.47,74,40,3.44
188,Valentin Gomez Farias,MX,2021-12-04 00:47:01,28.2167,-106.5833,62.49,34,3,9.73
189,Cherskiy,RU,2021-12-04 00:47:02,68.75,161.3,-9.27,97,100,14.63
190,Birjand,IR,2021-12-04 00:47:03,32.8663,59.2211,39.67,93,16,6.91
191,Les Escoumins,CA,2021-12-04 00:47:03,48.1111,-69.0236,20.55,75,99,14.7
192,Arraial Do Cabo,BR,2021-12-04 00:47:03,-22.9661,-42.0278,72.03,75,1,3.13
193,Samarai,PG,2021-12-04 00:47:04,-10.6167,150.6667,83.73,74,53,8.21
194,Bucerias,MX,2021-12-04 00:46:18,20.75,-105.3333,74.62,86,0,1.92
195,Talara,PE,2021-12-04 00:47:04,-4.5772,-81.2719,66.43,86,16,14.85
196,Puerto Quijarro,BO,2021-12-04 00:47:05,-17.7833,-57.7667,83.82,64,100,1.12
197,Iqaluit,CA,2021-12-04 00:47:05,63.7506,-68.5145,4.73,71,20,5.01
198,Shitanjing,CN,2021-12-04 00:47:05,39.2342,106.3439,31.66,16,75,4.12
199,Makakilo City,US,2021-12-04 00:44:06,21.3469,-158.0858,75.52,74,90,17.27
200,Carballo,ES,2021-12-04 00:47:06,43.213,-8.691,56.89,91,100,11.21
201,Japura,ID,2021-12-04 00:47:06,-0.3167,102.35,77.81,83,100,4.41
202,Opuwo,NA,2021-12-04 00:47:07,-18.0607,13.84,68.18,37,94,3.38
203,Luan,CH,2021-12-04 00:47:07,46.3592,6.9759,31.91,87,100,1.99
204,Saint George,US,2021-12-04 00:44:46,37.1041,-113.5841,61.39,25,1,0.0
205,Tigil,RU,2021-12-04 00:47:08,57.8,158.6667,24.39,94,100,4.92
206,Kalmunai,LK,2021-12-04 00:47:08,7.4167,81.8167,76.68,88,100,3.04
207,Nuevo Progreso,MX,2021-12-04 00:47:09,23.1667,-97.95,77.59,68,0,7.72
208,Dikson,RU,2021-12-04 00:47:09,73.5069,80.5464,-22.04,95,74,12.55
209,Bourail,NC,2021-12-04 00:47:10,-21.5667,165.4833,83.82,62,92,2.35
210,Robertsport,LR,2021-12-04 00:47:10,6.7533,-11.3686,80.8,81,100,8.77
211,Noyabrsk,RU,2021-12-04 00:47:11,63.1994,75.4507,1.67,96,100,7.14
212,Namatanai,PG,2021-12-04 00:47:11,-3.6667,152.4333,84.94,72,55,11.27
213,Port Blair,IN,2021-12-04 00:47:12,11.6667,92.75,80.78,80,27,9.37
214,San Andres,CO,2021-12-04 00:47:12,12.5847,-81.7006,82.42,78,90,13.8
215,Ust-Nera,RU,2021-12-04 00:47:12,64.5667,143.2,-30.46,98,90,2.37
216,Luderitz,NA,2021-12-04 00:47:13,-26.6481,15.1594,61.09,77,75,9.48
217,Salinopolis,BR,2021-12-04 00:47:13,-0.6136,-47.3561,78.71,85,100,7.74
218,Pak Chong,TH,2021-12-04 00:46:15,14.708,101.4161,61.05,74,26,9.75
219,Lebu,CL,2021-12-04 00:47:14,-37.6167,-73.65,52.88,88,8,20.07
220,Perth,AU,2021-12-04 00:43:08,-31.9333,115.8333,76.03,52,0,12.66
221,Erenhot,CN,2021-12-04 00:47:14,43.6475,111.9767,23.16,52,0,8.66
222,Fairbanks,US,2021-12-04 00:48:15,64.8378,-147.7164,-19.39,60,1,5.75
223,Port Macquarie,AU,2021-12-04 00:43:33,-31.4333,152.9167,80.89,70,100,9.57
224,Orlik,RU,2021-12-04 00:48:15,52.5178,99.825,2.25,80,100,2.95
225,Zhuhai,CN,2021-12-04 00:48:16,22.2769,113.5678,64.98,48,0,16.11
226,Umea,SE,2021-12-04 00:48:16,63.8284,20.2597,22.93,86,90,11.5
227,Madison,US,2021-12-04 00:43:25,34.7334,-86.5667,63.91,76,1,11.99
228,Yatou,CN,2021-12-04 00:48:17,37.15,122.3833,44.76,60,4,9.73
229,Itoman,JP,2021-12-04 00:48:17,26.1247,127.6694,66.58,48,75,20.71
230,Bonthe,SL,2021-12-04 00:48:17,7.5264,-12.505,79.83,82,12,5.01
231,Sidi Ali,DZ,2021-12-04 00:48:18,36.0998,0.4206,49.03,72,0,6.89
232,Usinsk,RU,2021-12-04 00:48:18,65.9939,57.5281,-15.93,89,10,8.66
233,Olafsvik,IS,2021-12-04 00:48:19,64.8945,-23.7142,35.47,64,81,3.38
234,Calella,ES,2021-12-04 00:48:19,41.618,2.6678,51.93,71,61,6.29
235,Namibe,AO,2021-12-04 00:48:20,-15.1961,12.1522,71.08,70,78,8.21
236,Guarapari,BR,2021-12-04 00:48:20,-20.6667,-40.4975,71.49,89,100,2.8
237,Hays,US,2021-12-04 00:48:20,30.0502,-98.0336,70.92,83,0,1.01
238,Annau,TM,2021-12-04 00:48:21,37.8876,58.516,40.5,93,90,4.61
239,Cuamba,MZ,2021-12-04 00:48:21,-14.8031,36.5372,74.79,62,0,5.79
240,Forio,IT,2021-12-04 00:48:22,40.7342,13.8646,53.82,64,3,15.23
241,Yago,MX,2021-12-04 00:48:22,21.8333,-105.0667,73.78,83,0,1.48
242,Haines Junction,CA,2021-12-04 00:44:17,60.7522,-137.5108,-4.05,65,100,4.61
243,Artyshta,RU,2021-12-04 00:48:23,54.1222,86.2909,28.8,86,75,14.5
244,Fenoarivo,MG,2021-12-04 00:48:23,-18.933,47.4354,64.47,82,75,5.75
245,Pisco,PE,2021-12-04 00:43:30,-13.7,-76.2167,66.25,82,0,18.41
246,Hami,CN,2021-12-04 00:48:23,42.8,93.45,23.32,61,14,2.48
247,Leningradskiy,RU,2021-12-04 00:48:24,69.3833,178.4167,5.67,83,100,15.41
248,Basco,PH,2021-12-04 00:48:24,20.4487,121.9702,72.16,62,100,27.65
249,Bathsheba,BB,2021-12-04 00:45:24,13.2167,-59.5167,81.21,78,40,13.8
250,Paracuru,BR,2021-12-04 00:48:13,-3.41,-39.0306,82.42,80,100,10.78
251,Ponta Delgada,PT,2021-12-04 00:46:41,37.7333,-25.6667,59.5,88,40,3.44
252,Hualmay,PE,2021-12-04 00:48:25,-11.0964,-77.6139,66.49,86,100,11.12
253,Saskylakh,RU,2021-12-04 00:48:25,71.9167,114.0833,-17.72,96,100,13.51
254,Mehamn,NO,2021-12-04 00:48:25,71.0357,27.8492,19.65,76,27,8.72
255,Caravelas,BR,2021-12-04 00:48:26,-17.7125,-39.2481,73.0,92,29,3.58
256,Nome,US,2021-12-04 00:45:43,64.5011,-165.4064,8.67,78,90,26.46
257,Khandyga,RU,2021-12-04 00:48:27,62.6667,135.6,-42.34,96,28,3.78
258,Kieta,PG,2021-12-04 00:45:35,-6.2167,155.6333,84.83,72,92,2.95
259,Sao Filipe,CV,2021-12-04 00:48:27,14.8961,-24.4956,75.22,69,100,8.55
260,Nouadhibou,MR,2021-12-04 00:48:28,20.931,-17.0347,64.38,77,0,17.27
261,Tezpur,IN,2021-12-04 00:48:28,26.6333,92.8,62.94,84,64,4.81
262,Torbay,CA,2021-12-04 00:45:33,47.6666,-52.7314,46.27,86,75,28.77
263,Ostrovnoy,RU,2021-12-04 00:48:29,68.0531,39.5131,20.05,76,100,2.75
264,Ridgecrest,US,2021-12-04 00:44:56,35.6225,-117.6709,71.46,11,20,3.44
265,Kahului,US,2021-12-04 00:45:10,20.8947,-156.47,73.85,95,90,18.41
266,Kodiak,US,2021-12-04 00:48:29,57.79,-152.4072,20.71,68,1,0.0
267,Adrar,MR,2021-12-04 00:48:30,20.5022,-10.0711,64.76,22,100,10.31
268,Shizuishan,CN,2021-12-04 00:49:30,39.2333,106.7694,31.6,22,100,2.21
269,Brae,GB,2021-12-04 00:49:31,60.3964,-1.353,42.71,74,100,7.14
270,Komsomolskiy,UZ,2021-12-04 00:49:31,40.4272,71.7189,43.52,45,100,2.3
271,Dingle,PH,2021-12-04 00:49:31,10.9995,122.6711,79.56,80,75,13.96
272,Kovdor,RU,2021-12-04 00:49:32,67.5662,30.4758,-0.45,100,100,1.81
273,Lagoa,PT,2021-12-04 00:49:32,39.05,-27.9833,64.06,85,100,10.09
274,Belmonte,BR,2021-12-04 00:49:33,-15.8631,-38.8828,73.9,88,100,6.26
275,Yaan,NG,2021-12-04 00:49:33,7.3833,8.5667,76.6,25,14,3.33
276,Port Hawkesbury,CA,2021-12-04 00:49:33,45.6169,-61.3485,33.58,90,90,13.0
277,Klaksvik,FO,2021-12-04 00:49:34,62.2266,-6.589,34.72,68,94,7.02
278,Saint-Augustin,CA,2021-12-04 00:49:34,51.226,-58.6502,28.6,88,100,32.17
279,Zurrieq,MT,2021-12-04 00:49:34,35.8311,14.4742,51.96,82,75,18.41
280,Quatre Cocos,MU,2021-12-04 00:49:35,-20.2078,57.7625,77.09,70,28,9.17
281,Te Anau,NZ,2021-12-04 00:49:35,-45.4167,167.7167,59.02,97,100,2.04
282,Kathmandu,NP,2021-12-04 00:48:27,27.7167,85.3167,52.02,100,45,3.44
283,Kualakapuas,ID,2021-12-04 00:49:35,-3.0091,114.3876,75.36,88,100,3.38
284,Omsukchan,RU,2021-12-04 00:49:36,62.5333,155.8,-33.47,93,21,2.77
285,Berezovka,BY,2021-12-04 00:49:36,53.7214,25.4993,30.38,97,99,8.66
286,Khasan,RU,2021-12-04 00:49:37,42.4308,130.6434,20.41,52,0,19.06
287,Labuhan,ID,2021-12-04 00:49:37,-6.8844,112.2051,81.91,77,100,5.35
288,Antalya,TR,2021-12-04 00:49:37,36.7741,30.7178,61.02,88,75,4.61
289,Podgorica,ME,2021-12-04 00:49:38,42.4411,19.2636,47.52,66,90,11.5
290,Ternate,ID,2021-12-04 00:49:38,0.8,127.4,80.51,80,100,11.23
291,Tezu,IN,2021-12-04 00:49:38,27.9167,96.1667,64.81,56,100,3.38
292,Itarema,BR,2021-12-04 00:49:39,-2.9248,-39.9167,80.62,80,100,13.49
293,Ponta Do Sol,PT,2021-12-04 00:49:39,32.6667,-17.1,65.03,70,99,8.43
294,Araouane,ML,2021-12-04 00:49:40,18.9048,-3.5265,69.24,17,97,10.71
295,Ekhabi,RU,2021-12-04 00:49:40,53.5102,142.9671,14.4,88,100,12.03
296,San Patricio,US,2021-12-04 00:49:41,28.017,-97.5169,75.61,83,0,9.71
297,Haapiti,PF,2021-12-04 00:49:41,-17.5667,-149.8667,85.73,73,78,16.87
298,Mchinji,MW,2021-12-04 00:49:41,-13.7984,32.8802,66.83,59,0,4.5
299,Gongzhuling,CN,2021-12-04 00:49:42,43.5008,124.8198,13.57,68,3,3.91
300,Mountain Home,US,2021-12-04 00:49:42,43.133,-115.6912,47.14,69,97,3.04
301,Harlingen,US,2021-12-04 00:46:46,26.1906,-97.6961,78.21,85,1,9.22
302,Pergine Valsugana,IT,2021-12-04 00:49:43,46.065,11.238,37.27,75,100,2.39
303,Oranjestad,AW,2021-12-04 00:44:51,12.524,-70.027,81.27,83,100,20.04
304,Kruisfontein,ZA,2021-12-04 00:49:43,-34.0033,24.7314,56.88,83,100,2.04
305,Tromso,NO,2021-12-04 00:49:43,69.6496,18.957,21.22,49,0,6.91
306,Dombarovskiy,RU,2021-12-04 00:49:44,50.7587,59.5386,32.59,90,100,10.63
307,Miri,MY,2021-12-04 00:49:44,4.4148,114.0089,78.94,89,20,2.3
308,Jizan,SA,2021-12-04 00:49:45,17.3333,42.6667,77.94,72,0,2.53
309,Willowmore,ZA,2021-12-04 00:49:45,-33.2926,23.4895,59.5,61,100,8.21
310,Voznesenye,RU,2021-12-04 00:49:45,61.0106,35.4781,17.08,94,100,16.33
311,Angoche,MZ,2021-12-04 00:49:46,-16.2325,39.9086,74.98,91,1,7.92
312,Ratnagiri,IN,2021-12-04 00:49:46,16.9833,73.3,74.34,88,100,4.23
313,Abong Mbang,CM,2021-12-04 00:49:47,3.9833,13.1833,67.55,97,100,1.16
314,Abu Samrah,SY,2021-12-04 00:49:47,35.3029,37.1841,52.68,59,100,6.62
315,San Luis,AR,2021-12-04 00:49:47,-33.295,-66.3356,64.62,80,88,13.47
316,Clearlake,US,2021-12-04 00:49:48,38.9582,-122.6264,55.78,61,0,1.92
317,Sur,OM,2021-12-04 00:49:48,22.5667,59.5289,72.16,55,0,5.68
318,Vung Tau,VN,2021-12-04 00:50:49,10.346,107.0843,74.46,85,98,5.93
319,Mount Gambier,AU,2021-12-04 00:50:49,-37.8333,140.7667,62.51,63,90,18.41
320,Linhares,BR,2021-12-04 00:50:50,-19.3911,-40.0722,70.12,94,100,7.52
321,Sitka,US,2021-12-04 00:50:50,57.0531,-135.33,30.09,80,90,0.0
322,Dalbandin,PK,2021-12-04 00:50:51,28.8947,64.4101,55.94,59,0,3.38
323,Singaraja,ID,2021-12-04 00:50:51,-8.112,115.0882,83.97,73,100,1.34
324,Balikpapan,ID,2021-12-04 00:50:51,-1.2675,116.8289,81.59,89,20,6.91
325,Masuguru,TZ,2021-12-04 00:50:52,-11.3667,38.4167,71.6,84,20,3.27
326,Sakakah,SA,2021-12-04 00:50:52,29.9697,40.2064,51.37,43,100,7.25
327,Brownsville,US,2021-12-04 00:48:22,25.9018,-97.4975,76.08,85,1,3.0
328,Natal,BR,2021-12-04 00:49:25,-5.795,-35.2094,83.05,78,40,10.36
329,Biloela,AU,2021-12-04 00:50:53,-24.4167,150.5,86.88,45,0,5.26
330,Sovetskiy,RU,2021-12-04 00:50:53,61.3614,63.5842,5.65,94,20,5.91
331,Zarinsk,RU,2021-12-04 00:50:54,53.7074,84.9493,24.94,85,98,14.72
332,Nargana,PA,2021-12-04 00:50:54,9.4428,-78.5906,80.91,86,86,14.07
333,Pandamatenga,BW,2021-12-04 00:50:54,-18.5278,25.627,75.43,42,23,5.68
334,Codrington,AU,2021-12-04 00:50:55,-38.2667,141.9667,63.54,58,16,16.53
335,Acapulco,MX,2021-12-04 00:50:55,16.8634,-99.8901,79.0,77,68,7.72
336,Mirnyy,RU,2021-12-04 00:50:56,62.5353,113.9611,25.54,95,100,8.16
337,Marrakesh,MA,2021-12-04 00:50:56,31.6315,-8.0083,42.87,81,0,2.3
338,Safford,US,2021-12-04 00:50:56,32.834,-109.7076,74.32,27,1,0.0
339,Greymouth,NZ,2021-12-04 00:47:39,-42.4667,171.2,59.27,96,100,6.82
340,Krasnystaw,PL,2021-12-04 00:50:57,50.9846,23.1742,28.6,61,100,9.75
341,Samdrup Jongkhar,BT,2021-12-04 00:50:57,26.9167,91.6167,57.69,70,74,4.81
342,Vila Franca Do Campo,PT,2021-12-04 00:50:58,37.7167,-25.4333,59.2,80,4,3.04
343,Taoudenni,ML,2021-12-04 00:50:58,22.6783,-3.9836,65.89,17,100,16.75
344,Utashinai,JP,2021-12-04 00:50:58,43.5167,142.05,32.38,83,98,7.9
345,Fagersta,SE,2021-12-04 00:50:59,60.0042,15.7932,18.68,98,100,3.02
346,Norman Wells,CA,2021-12-04 00:50:59,65.282,-126.8329,-39.96,67,20,3.44
347,Chiochis,RO,2021-12-04 00:51:00,46.9833,24.1833,26.6,87,77,0.89
348,Haverhill,US,2021-12-04 00:51:00,42.7762,-71.0773,36.05,47,1,5.01
349,Minamata,JP,2021-12-04 00:51:00,32.2167,130.4,47.71,57,7,16.31
350,Iberia,US,2021-12-04 00:51:01,29.9502,-91.7507,67.1,88,1,5.75
351,Banchory,GB,2021-12-04 00:51:01,57.0517,-2.4882,43.09,87,100,6.11
352,Lydenburg,ZA,2021-12-04 00:51:02,-25.0978,30.4597,59.27,96,95,2.59
353,Kedougou,SN,2021-12-04 00:51:02,12.5579,-12.1743,75.78,57,0,4.61
354,Chibombo,ZM,2021-12-04 00:51:02,-14.6569,28.0706,73.89,47,7,7.56
355,Jutai,BR,2021-12-04 00:51:03,-5.1833,-68.9,72.84,97,100,0.49
356,Trincomalee,LK,2021-12-04 00:51:03,8.5711,81.2335,76.86,80,100,3.11
357,Urumqi,CN,2021-12-04 00:51:03,43.801,87.6005,14.95,79,100,4.47
358,Discovery Bay,US,2021-12-04 00:51:04,37.9085,-121.6002,57.47,77,1,10.36
359,Scarborough,GB,2021-12-04 00:51:04,54.2797,-0.4044,45.09,89,100,1.99
360,Bemidji,US,2021-12-04 00:51:05,47.4736,-94.8803,29.97,54,1,16.11
361,Nanortalik,GL,2021-12-04 00:51:05,60.1432,-45.2371,31.69,73,100,17.69
362,Khani,GE,2021-12-04 00:52:05,41.9563,42.9566,27.97,51,67,7.83
363,Kavaratti,IN,2021-12-04 00:52:06,10.5669,72.642,81.09,74,97,2.77
364,Tres Arroyos,AR,2021-12-04 00:52:06,-38.3739,-60.2798,54.64,76,100,10.04
365,Sulangan,PH,2021-12-04 00:52:07,11.1373,123.7228,80.89,72,100,20.56
366,Poya,NC,2021-12-04 00:52:07,-21.35,165.15,83.48,67,69,3.91
367,Igurubi,TZ,2021-12-04 00:52:07,-4.0,33.7,70.77,51,10,6.17
368,Burnie,AU,2021-12-04 00:52:08,-41.0667,145.9167,57.81,45,9,15.48
369,Berlevag,NO,2021-12-04 00:52:08,70.8578,29.0864,23.99,72,36,10.2
370,Strezhevoy,RU,2021-12-04 00:52:08,60.7333,77.5889,22.98,92,100,12.73
371,Mashhad,IR,2021-12-04 00:52:09,36.297,59.6062,35.74,93,90,11.5
372,Ugoofaaru,MV,2021-12-04 00:52:09,5.6667,73.0,81.41,77,13,4.43
373,Burgeo,CA,2021-12-04 00:52:10,47.6167,-57.6152,37.9,87,100,36.1
374,Parintins,BR,2021-12-04 00:52:10,-2.6283,-56.7358,73.45,97,100,1.86
375,Beyneu,KZ,2021-12-04 00:52:10,45.3167,55.2,32.4,73,6,9.8
376,Dalianwan,CN,2021-12-04 00:52:11,39.0286,121.695,37.44,70,0,4.47
377,Balezino,RU,2021-12-04 00:52:11,57.9796,53.0106,31.5,95,100,10.71
378,Ahipara,NZ,2021-12-04 00:52:11,-35.1667,173.1667,66.11,87,100,7.56
379,Moose Factory,CA,2021-12-04 00:52:12,51.2585,-80.6094,-0.4,65,1,12.66
380,Katsuura,JP,2021-12-04 00:52:12,35.1333,140.3,58.19,56,0,23.67
381,Royan,FR,2021-12-04 00:52:12,45.6285,-1.0281,55.44,88,100,28.95
382,Tuatapere,NZ,2021-12-04 00:52:13,-46.1333,167.6833,59.58,97,100,4.12
383,Los Cedrales,PY,2021-12-04 00:52:13,-25.65,-54.7,79.09,45,0,2.15
384,Melville,US,2021-12-04 00:52:14,40.7934,-73.4151,41.83,56,1,3.0
385,Zwedru,LR,2021-12-04 00:52:14,6.0667,-8.1281,73.58,95,100,2.42
386,Kailua,US,2021-12-04 00:52:14,21.4022,-157.7394,77.07,79,90,20.71
387,Atambua,ID,2021-12-04 00:52:15,-9.1061,124.8925,77.05,81,100,0.43
388,Phan Thiet,VN,2021-12-04 00:52:15,10.9333,108.1,73.6,73,85,5.91
389,Kashi,CN,2021-12-04 00:48:02,39.4547,75.9797,27.61,50,0,8.95
390,Canela,BR,2021-12-04 00:52:16,-29.3656,-50.8156,60.87,89,24,4.0
391,Sokoni,TZ,2021-12-04 00:52:16,-6.4333,39.55,79.99,79,21,9.66
392,Muravlenko,RU,2021-12-04 00:52:17,63.7898,74.523,0.75,96,100,6.85
393,Prince Rupert,CA,2021-12-04 00:49:57,54.3161,-130.3201,40.69,84,90,9.22
394,Batemans Bay,AU,2021-12-04 00:52:17,-35.7167,150.1833,81.19,89,100,7.23
395,Okha,RU,2021-12-04 00:52:17,53.5739,142.9478,14.99,86,100,11.56
396,Baihar,IN,2021-12-04 00:52:18,22.1,80.55,56.55,61,22,2.08
397,Provideniya,RU,2021-12-04 00:52:18,64.3833,-173.3,30.4,97,100,14.97
398,Betare Oya,CM,2021-12-04 00:52:18,5.6,14.0833,71.6,75,95,3.09
399,Alofi,NU,2021-12-04 00:52:19,-19.0595,-169.9187,84.09,74,97,16.11
400,Wiarton,CA,2021-12-04 00:52:19,44.7407,-81.1332,29.03,64,90,0.0
401,Canchungo,GW,2021-12-04 00:52:20,12.0672,-16.0333,77.13,62,87,6.06
402,Black River,JM,2021-12-04 00:52:20,18.0264,-77.8487,80.6,80,100,4.79
403,Shagonar,RU,2021-12-04 00:52:20,51.5333,92.8,4.91,93,100,2.77
404,Coquimbo,CL,2021-12-04 00:52:21,-29.9533,-71.3436,60.53,82,20,9.22
405,Lompoc,US,2021-12-04 00:52:21,34.6391,-120.4579,58.14,83,90,8.05
406,Hofn,IS,2021-12-04 00:52:22,64.2539,-15.2082,30.67,54,8,9.84
407,Yinchuan,CN,2021-12-04 00:52:03,38.4681,106.2731,32.52,19,1,6.11
408,Renqiu,CN,2021-12-04 00:52:22,38.6989,116.0936,40.96,42,0,1.9
409,Svetlaya,RU,2021-12-04 00:53:23,46.5389,138.3297,13.66,65,100,8.01
410,Halifax,CA,2021-12-04 00:50:01,44.6453,-63.5724,32.05,72,26,8.99
411,Timmins,CA,2021-12-04 00:51:47,48.4669,-81.3331,1.22,92,90,0.0
412,Darab,IR,2021-12-04 00:53:23,28.7519,54.5444,50.65,72,0,2.98
413,Babstovo,RU,2021-12-04 00:53:24,48.1167,132.4833,-4.41,86,9,5.75
414,Abu Kamal,SY,2021-12-04 00:53:24,34.4506,40.9171,53.44,41,100,4.03
415,Mazatlan,MX,2021-12-04 00:53:17,23.2167,-106.4167,80.02,91,99,1.99
416,Avera,US,2021-12-04 00:53:25,33.194,-82.5271,68.54,46,100,6.76
417,Libenge,CD,2021-12-04 00:53:25,3.65,18.6333,72.19,95,100,0.87
418,Ahuimanu,US,2021-12-04 00:53:26,21.4447,-157.8378,76.78,76,90,20.71
419,Marquette,US,2021-12-04 00:53:26,46.5333,-87.6335,32.77,86,98,12.19
420,Axim,GH,2021-12-04 00:53:26,4.8699,-2.2405,79.2,86,100,7.29
421,Mahebourg,MU,2021-12-04 00:53:27,-20.4081,57.7,77.25,88,20,5.75
422,Mount Pleasant,US,2021-12-04 00:53:27,32.7941,-79.8626,60.94,83,1,0.0
423,Shreveport,US,2021-12-04 00:48:52,32.5251,-93.7502,68.54,89,20,3.44
424,Ismailia,EG,2021-12-04 00:53:28,30.6043,32.2723,59.86,70,99,5.68
425,Tutoia,BR,2021-12-04 00:53:28,-2.7619,-42.2744,80.98,82,74,11.36
426,Doha,QA,2021-12-04 00:49:18,25.2867,51.5333,66.18,55,0,10.36
427,Argentan,FR,2021-12-04 00:53:29,48.75,-0.0167,52.52,95,100,18.66
428,Evensk,RU,2021-12-04 00:53:29,61.95,159.2333,-17.46,75,13,8.81
429,Oum Hadjer,TD,2021-12-04 00:53:29,13.2954,19.6966,76.05,22,6,9.44
430,Duluth,US,2021-12-04 00:53:30,46.7833,-92.1066,35.35,54,1,4.0
431,Humlebaek,DK,2021-12-04 00:53:30,55.9618,12.5341,41.85,96,91,4.0
432,Lagos,NG,2021-12-04 00:49:42,6.5833,3.75,82.72,88,94,2.01
433,Sigli,ID,2021-12-04 00:53:31,5.3848,95.9609,77.86,84,95,10.96
434,Oskemen,KZ,2021-12-04 00:53:31,49.9565,82.6119,31.96,93,90,2.24
435,Kokopo,PG,2021-12-04 00:53:31,-4.352,152.2633,83.61,72,28,5.5
436,Dalvik,IS,2021-12-04 00:53:32,65.9702,-18.5286,12.13,67,54,7.52
437,Verkhoyansk,RU,2021-12-04 00:53:32,67.5447,133.385,-50.35,100,67,1.72
438,Hoopstad,ZA,2021-12-04 00:53:32,-27.8327,25.9083,65.28,76,99,4.72
439,Morgan City,US,2021-12-04 00:53:06,29.6994,-91.2068,66.99,94,1,5.75
440,Kindersley,CA,2021-12-04 00:53:33,51.4668,-109.1682,20.98,86,40,9.22
441,Barjora,IN,2021-12-04 00:53:33,23.4333,87.2833,70.3,63,100,2.53
442,Arman,RU,2021-12-04 00:53:33,59.7,150.1667,-1.98,94,100,9.28
443,Grindavik,IS,2021-12-04 00:53:34,63.8424,-22.4338,28.87,93,0,8.05
444,Port Shepstone,ZA,2021-12-04 00:53:34,-30.7414,30.455,68.5,81,100,8.34
445,Vardo,NO,2021-12-04 00:53:34,70.3705,31.1107,21.4,70,100,8.81
446,Esso,RU,2021-12-04 00:53:35,55.9333,158.7,22.06,97,81,5.08
447,Vargashi,RU,2021-12-04 00:53:35,55.3556,65.8467,23.27,93,29,10.27
448,Soubre,CI,2021-12-04 00:53:36,5.7856,-6.6083,73.31,98,82,2.35
449,Vostok,RU,2021-12-04 00:53:36,46.4856,135.8833,3.76,89,100,2.66
450,Pirae,PF,2021-12-04 00:53:36,-17.5167,-149.5333,86.02,58,20,5.75
451,Nishihara,JP,2021-12-04 00:53:37,26.1842,127.7558,65.86,48,75,20.71
452,Bertoua,CM,2021-12-04 00:53:37,4.5833,13.6833,67.39,97,97,2.19
453,Shimoda,JP,2021-12-04 00:53:38,34.6667,138.95,56.1,62,0,27.45
454,Mollendo,PE,2021-12-04 00:53:38,-17.0231,-72.0147,67.33,81,81,6.73
455,Ballangen,NO,2021-12-04 00:53:38,68.3428,16.8315,23.22,58,20,9.22
456,Iisalmi,FI,2021-12-04 00:53:39,63.5592,27.1907,10.42,68,21,9.82
457,Najran,SA,2021-12-04 00:54:39,17.4924,44.1277,50.65,34,5,1.01
458,Deloraine,AU,2021-12-04 00:54:39,-41.5333,146.6667,60.35,47,27,1.99
459,Marzuq,YE,2021-12-04 00:54:40,14.4,46.4667,56.73,27,5,4.38
460,Bonnyville,CA,2021-12-04 00:54:40,54.2668,-110.735,16.92,92,20,6.29
461,Gimli,CA,2021-12-04 00:54:41,50.6336,-96.9907,23.43,68,100,12.66
462,Havelock,US,2021-12-04 00:54:41,34.8791,-76.9013,57.43,83,0,5.95
463,Mana,GF,2021-12-04 00:54:41,5.6592,-53.7767,77.47,89,62,7.43
464,Zelenoborsk,RU,2021-12-04 00:54:42,61.4669,64.0333,5.02,95,11,6.13
465,Brandon,US,2021-12-04 00:54:42,27.9378,-82.2859,64.85,88,1,1.99
466,Manokwari,ID,2021-12-04 00:54:43,-0.8667,134.0833,82.42,76,100,13.0
467,Faya,SA,2021-12-04 00:54:43,18.3851,42.4509,50.11,29,0,5.7
468,Sorland,NO,2021-12-04 00:54:43,67.667,12.6934,31.55,56,71,26.6
469,Muroto,JP,2021-12-04 00:54:44,33.2833,134.15,48.24,55,5,14.36
470,Katima Mulilo,NA,2021-12-04 00:54:44,-17.5,24.2667,77.54,38,17,5.35
471,Wamba,NG,2021-12-04 00:54:45,8.9333,8.6,72.19,31,60,4.32
472,Walvis Bay,NA,2021-12-04 00:54:45,-22.9575,14.5053,59.09,88,0,1.14
473,Mapiri,BO,2021-12-04 00:54:46,-15.25,-68.1667,69.87,93,52,1.36
474,Lata,PT,2021-12-04 00:54:46,40.1629,-8.3327,51.82,87,100,1.68
475,Nawa,IN,2021-12-04 00:54:46,27.0167,75.0,58.24,57,0,1.86
476,Quirinopolis,BR,2021-12-04 00:51:04,-18.4483,-50.4517,78.76,62,86,1.88
477,Osypenko,UA,2021-12-04 00:54:47,46.9136,36.8253,47.84,91,100,13.29
478,Gat,IL,2021-12-04 00:54:47,31.61,34.7642,60.4,58,100,3.24
479,Borborema,BR,2021-12-04 00:54:48,-21.6197,-49.0736,74.37,65,1,13.56
480,Cap Malheureux,MU,2021-12-04 00:54:48,-19.9842,57.6142,77.47,76,21,3.0
481,Isla Mujeres,MX,2021-12-04 00:54:49,21.2311,-86.731,75.16,61,98,10.69
482,Zhuanghe,CN,2021-12-04 00:54:49,39.7008,122.9911,34.36,54,4,6.42
483,Meulaboh,ID,2021-12-04 00:54:50,4.1363,96.1285,77.13,81,93,2.86
484,Nisia Floresta,BR,2021-12-04 00:54:50,-6.0911,-35.2086,83.21,86,81,7.4
485,Harbour Breton,CA,2021-12-04 00:54:50,47.4833,-55.7983,45.0,86,99,34.23
486,Alakurtti,RU,2021-12-04 00:54:51,66.9672,30.3491,2.46,99,61,3.87
487,Maragogi,BR,2021-12-04 00:54:51,-9.0122,-35.2225,78.89,84,65,8.99
488,Turukhansk,RU,2021-12-04 00:54:51,65.8167,87.9833,-11.11,97,100,10.42
489,Mkushi,ZM,2021-12-04 00:54:52,-13.6202,29.3939,66.36,49,0,5.5
490,Taksimo,RU,2021-12-04 00:54:52,56.3444,114.8794,-2.92,96,100,0.85
491,Kaduqli,SD,2021-12-04 00:54:52,11.0167,29.7167,74.66,30,0,7.96
492,Umm Lajj,SA,2021-12-04 00:54:53,25.0213,37.2685,74.57,55,89,7.67
493,Kulhudhuffushi,MV,2021-12-04 00:54:53,6.6221,73.07,81.77,75,9,3.69
494,Petropavlovsk-Kamchatskiy,RU,2021-12-04 00:54:54,53.0452,158.6483,37.99,81,75,13.42
495,Maceio,BR,2021-12-04 00:53:29,-9.6658,-35.7353,81.84,78,40,8.05
496,Tomohon,ID,2021-12-04 00:54:54,1.3346,124.8392,70.74,90,100,2.06
497,Fukue,JP,2021-12-04 00:54:54,32.6881,128.8419,50.36,53,75,16.11
498,Ilhabela,BR,2021-12-04 00:54:55,-23.7781,-45.3581,70.54,85,71,6.15
499,Aykhal,RU,2021-12-04 00:54:55,66.0,111.5,-4.9,99,100,9.71
500,Richards Bay,ZA,2021-12-04 00:54:29,-28.783,32.0377,70.5,82,100,5.35
501,Chiesanuova,SM,2021-12-04 00:55:56,43.9045,12.4214,37.49,93,93,5.01
502,Isangel,VU,2021-12-04 00:55:56,-19.55,169.2667,87.91,55,96,11.5
503,Sisimiut,GL,2021-12-04 00:55:57,66.9395,-53.6735,19.9,64,100,22.3
504,Houma,US,2021-12-04 00:53:34,29.5958,-90.7195,66.99,95,1,3.44
505,Campoverde,PE,2021-12-04 00:55:57,-8.4753,-74.8058,82.09,65,47,1.3
506,Lorengau,PG,2021-12-04 00:55:57,-2.0226,147.2712,84.43,76,35,7.4
507,Patan,NP,2021-12-04 00:53:13,27.6667,85.3333,52.18,100,46,3.44
508,Kudahuvadhoo,MV,2021-12-04 00:55:58,2.6708,72.8944,82.44,74,17,9.24
509,Batagay,RU,2021-12-04 00:55:58,67.6333,134.6333,-43.13,99,37,3.78
510,La Serena,CL,2021-12-04 00:52:49,-29.9078,-71.2542,60.31,82,20,9.22
511,Mao,ES,2021-12-04 00:55:59,39.8885,4.2658,52.36,82,0,8.05
512,Gorontalo,ID,2021-12-04 00:55:59,0.5412,123.0595,83.03,79,100,3.62
513,Vernon,CA,2021-12-04 00:56:00,50.2581,-119.2691,34.16,76,100,1.14
514,Sabang,ID,2021-12-04 00:56:00,5.8933,95.3214,80.04,77,100,17.78
515,Kerman,IR,2021-12-04 00:56:00,30.2832,57.0788,44.55,69,0,2.91
516,Cessnock,AU,2021-12-04 00:56:01,-32.8333,151.35,71.13,69,100,1.54
517,Kulachi,PK,2021-12-04 00:56:01,31.9286,70.4592,59.74,26,0,5.26
518,Chernyakhovsk,RU,2021-12-04 00:56:02,54.6335,21.8156,31.17,84,100,11.88
519,Aginskoye,RU,2021-12-04 00:56:02,51.1,114.53,12.76,81,10,3.67
520,Madang,PG,2021-12-04 00:56:02,-5.2246,145.7966,87.4,66,35,2.77
521,Pacific Grove,US,2021-12-04 00:56:03,36.6177,-121.9166,56.43,84,53,1.01
522,Sal Rei,CV,2021-12-04 00:56:03,16.1833,-22.9167,70.36,70,86,21.18
523,Ustupo,PA,2021-12-04 00:56:03,9.1333,-77.9333,79.86,90,100,8.75
524,Kununurra,AU,2021-12-04 00:55:50,-15.7667,128.7333,91.38,66,100,4.61
525,Boguchar,RU,2021-12-04 00:56:04,49.9358,40.545,45.52,83,100,17.72
526,Tanout,NE,2021-12-04 00:56:04,14.9709,8.8879,67.55,19,6,9.6
527,Dakar,SN,2021-12-04 00:56:05,14.6937,-17.4441,73.53,88,100,6.91
528,Dickinson,US,2021-12-04 00:56:05,29.4608,-95.0513,73.27,91,10,1.01
529,Montrose,US,2021-12-04 00:56:05,38.4166,-108.2673,43.14,52,6,0.04
530,Yenagoa,NG,2021-12-04 00:56:06,4.9247,6.2642,77.58,90,100,2.75
531,Honiara,SB,2021-12-04 00:56:06,-9.4333,159.95,83.53,76,100,2.66
532,Laje,BR,2021-12-04 00:56:06,-10.1833,-40.9667,75.47,72,99,1.7
533,Fare,PF,2021-12-04 00:56:07,-16.7,-151.0167,81.46,69,89,17.43
534,Oksfjord,NO,2021-12-04 00:56:07,70.2396,22.3479,20.32,90,40,11.65
535,Owando,CG,2021-12-04 00:56:07,-0.4819,15.8999,70.83,94,100,2.66
536,Mongo,TD,2021-12-04 00:56:08,12.1844,18.693,77.32,24,48,5.39
537,College,US,2021-12-04 00:56:08,64.8569,-147.8028,-19.41,63,5,3.02
538,Henties Bay,NA,2021-12-04 00:56:09,-22.116,14.2845,58.86,91,0,6.6
539,Talnakh,RU,2021-12-04 00:56:09,69.4865,88.3972,-25.8,97,97,14.16
540,San Clemente,US,2021-12-04 00:54:10,33.427,-117.612,64.65,83,10,11.01
541,Shestakovo,RU,2021-12-04 00:56:10,56.4915,103.96,34.47,84,100,13.51
542,Galle,LK,2021-12-04 00:56:10,6.0367,80.217,77.63,84,84,1.99
543,Bendigo,AU,2021-12-04 00:56:10,-36.7667,144.2833,63.64,49,1,5.01
544,Assis,BR,2021-12-04 00:56:11,-22.6617,-50.4122,73.67,62,63,13.53
545,Baykit,RU,2021-12-04 00:56:11,61.67,96.37,25.0,87,100,12.17
546,Dubbo,AU,2021-12-04 00:52:14,-32.25,148.6167,80.73,28,100,16.11
547,Isilkul,RU,2021-12-04 00:56:12,54.9109,71.2728,25.0,93,93,13.91
548,Antofagasta,CL,2021-12-04 00:53:33,-23.65,-70.4,61.88,75,18,6.93
549,Bad Lauterberg,DE,2021-12-04 00:57:12,51.6327,10.4703,35.15,94,100,6.73
550,Padang,ID,2021-12-04 00:57:13,-0.9492,100.3543,80.65,76,100,4.47
551,Epernay,FR,2021-12-04 00:57:13,49.05,3.95,48.15,97,100,14.27
552,Chilca,PE,2021-12-04 00:57:14,-12.5211,-76.7372,71.62,90,100,7.61
553,Veinticinco De Mayo,AR,2021-12-04 00:57:14,-35.4323,-60.1727,70.05,85,100,9.82
554,Quelimane,MZ,2021-12-04 00:55:07,-17.8786,36.8883,80.55,83,0,11.99
555,Banda Aceh,ID,2021-12-04 00:57:15,5.5577,95.3222,77.43,82,100,9.19
556,Eldorado,BR,2021-12-04 00:54:35,-23.7869,-54.2836,70.09,56,0,5.06
557,Bayir,TR,2021-12-04 00:57:15,37.2687,28.2167,55.92,96,100,7.07
558,Ouesso,CG,2021-12-04 00:57:15,1.6136,16.0517,68.86,98,97,2.15
559,Jiuquan,CN,2021-12-04 00:57:16,39.7432,98.5174,27.88,30,0,2.75
560,Pastavy,BY,2021-12-04 00:57:16,55.1168,26.8326,20.91,95,14,7.81
561,Noumea,NC,2021-12-04 00:57:17,-22.2763,166.4572,86.0,99,90,3.15
562,Moerai,PF,2021-12-04 00:57:17,-22.4333,-151.3333,78.1,77,75,13.8
563,Alekseyevsk,RU,2021-12-04 00:57:17,57.8406,108.3492,32.25,71,100,15.84
564,High Level,CA,2021-12-04 00:57:18,58.5169,-117.136,-11.09,84,20,9.22
565,Beavercreek,US,2021-12-04 00:52:30,39.7092,-84.0633,51.04,66,1,1.99
566,Shirokiy,RU,2021-12-04 00:57:18,49.758,129.523,-11.15,86,52,2.42
567,Wasilla,US,2021-12-04 00:57:19,61.5814,-149.4394,5.27,78,75,0.0
568,Troitsk,RU,2021-12-04 00:57:19,54.0979,61.5773,33.26,92,54,12.57
569,Svetlogorsk,BY,2021-12-04 00:57:20,52.6333,29.7333,30.96,86,98,11.25
570,Rundu,NA,2021-12-04 00:57:20,-17.9333,19.7667,72.73,56,43,6.2
571,Pucallpa,PE,2021-12-04 00:57:20,-8.3791,-74.5539,82.44,83,40,4.61
572,Portobelo,PA,2021-12-04 00:57:21,9.55,-79.65,80.04,89,69,14.61
573,Vaitape,PF,2021-12-04 00:57:21,-16.5167,-151.75,81.68,69,63,18.81
